record_id,statement_source_url,statement_source_title,statement_source_tier,statement_evidence_quality_score,outcome_source_1_url,outcome_source_1_title,outcome_source_2_url,outcome_source_2_title,outcome_evidence_quality_score,corroboration_score,directness_score,evidence_strength_score,verdict_confidence_score,confidence,evidence_source_count,independent_source_domain_count,credible_sources_contest_claim,source_audit_status,notes
TESLA-001,https://www.tesla.com/secret-master-plan,The Secret Tesla Motors Master Plan,Primary,30,https://ir.tesla.com/press-release/tesla-motors-begins-regular-production-2008-tesla-roadster,Tesla Motors Begins Regular Production of 2008 Tesla Roadster,,,26,0,15,71,61,Medium,2,0,No,Pass with party-source limitation,No independent outcome source is cited; confidence deduction applied.
TESLA-002,https://www.tesla.com/secret-master-plan,The Secret Tesla Motors Master Plan,Primary,30,https://www.reuters.com/article/world/tesla-debuts-35000-model-3-sees-loss-in-first-quarter-idUSKCN1QH2VM/,"Tesla debuts $35,000 Model 3",https://www.reuters.com/business/autos-transportation/elon-musks-late-unfulfilled-tesla-promises-2025-04-22/,Elon Musk's late and unfulfilled Tesla promises,34,8,12,84,79,Medium-High,3,1,No,Pass with same-domain corroboration limitation,Both outcome sources are from the same domain; corroboration receives partial rather than full credit.
TESLA-003,https://www.tesla.com/secret-master-plan,The Secret Tesla Motors Master Plan,Primary,30,https://www.tesla.com/solarroof,Tesla Solar Roof,https://www.tesla.com/powerwall,Tesla Powerwall,26,8,8,72,47,Medium-Low,3,0,No,Pass with party-source limitation,No independent outcome source is cited; confidence deduction applied. Both outcome sources are from the same domain; corroboration receives partial rather than full credit.
TESLA-004,https://ir.tesla.com/press-release/tesla-motors-begins-regular-production-2008-tesla-roadster,Tesla Motors Begins Regular Production of 2008 Tesla Roadster,Primary,30,https://ir.tesla.com/press-release/tesla-motors-delivers-worlds-first-premium-electric-sedan,Tesla Motors Delivers World's First Premium Electric Sedan,,,26,0,12,68,53,Medium-Low,2,0,No,Pass with party-source limitation,No independent outcome source is cited; confidence deduction applied.
TESLA-005,https://ir.tesla.com/_flysystem/s3/sec/000119312513096241/d452995d10k.html,Tesla 2012 Form 10-K,Primary filing,30,https://ir.tesla.com/_flysystem/s3/sec/000156459019003165/tsla-10k_20181231-gen_0.pdf,Tesla 2018 Form 10-K,,,26,0,12,68,53,Medium-Low,2,0,No,Pass with party-source limitation,No independent outcome source is cited; confidence deduction applied.
TESLA-006,https://www.reuters.com/article/world/uk/factbox-tesla-ceo-elon-musks-promises-to-investors-idUSKBN1I500J/,Factbox: Tesla CEO Elon Musk's promises to investors,Tier 1 independent quoting Musk,26,https://www.reuters.com/article/world/uk/factbox-tesla-ceo-elon-musks-promises-to-investors-idUSKBN1I500J/,Factbox: Tesla CEO Elon Musk's promises to investors,,,34,0,15,75,75,Medium-High,1,1,No,Pass with single-source limitation,No structural source limitation identified by the automated audit.
TESLA-007,https://www.reuters.com/article/world/uk/factbox-tesla-ceo-elon-musks-promises-to-investors-idUSKBN1I500J/,Factbox: Tesla CEO Elon Musk's promises to investors,Tier 1 independent quoting Musk,26,https://www.reuters.com/article/world/uk/factbox-tesla-ceo-elon-musks-promises-to-investors-idUSKBN1I500J/,Factbox: Tesla CEO Elon Musk's promises to investors,https://ir.tesla.com/press-release/tesla-q4-2017-vehicle-production-and-deliveries,Tesla Q4 2017 vehicle production and deliveries,34,8,15,83,83,Medium-High,2,1,No,Pass,No structural source limitation identified by the automated audit.
TESLA-008,https://www.reuters.com/article/world/uk/factbox-tesla-ceo-elon-musks-promises-to-investors-idUSKBN1I500J/,Factbox: Tesla CEO Elon Musk's promises to investors,Tier 1 independent quoting Musk,26,https://ir.tesla.com/press-release/tesla-q4-2017-vehicle-production-and-deliveries,Tesla Q4 2017 vehicle production and deliveries,,,26,0,15,67,57,Medium,2,1,No,Pass with party-source limitation,No independent outcome source is cited; confidence deduction applied.
TESLA-009,https://www.reuters.com/article/world/uk/factbox-tesla-ceo-elon-musks-promises-to-investors-idUSKBN1I500J/,Factbox: Tesla CEO Elon Musk's promises to investors,Tier 1 independent quoting Musk,26,https://ir.tesla.com/press-release/tesla-q4-2017-vehicle-production-and-deliveries,Tesla Q4 2017 vehicle production and deliveries,,,26,0,15,67,57,Medium,2,1,No,Pass with party-source limitation,No independent outcome source is cited; confidence deduction applied.
TESLA-010,https://www.reuters.com/article/world/uk/factbox-tesla-ceo-elon-musks-promises-to-investors-idUSKBN1I500J/,Factbox: Tesla CEO Elon Musk's promises to investors,Tier 1 independent quoting Musk,26,https://www.reuters.com/article/world/uk/factbox-tesla-ceo-elon-musks-promises-to-investors-idUSKBN1I500J/,Factbox: Tesla CEO Elon Musk's promises to investors,,,34,0,15,75,75,Medium-High,1,1,No,Pass with single-source limitation,No structural source limitation identified by the automated audit.
TESLA-011,https://www.reuters.com/article/technology/timeline-tesla-ceo-elon-musks-promises-to-investors-idUSKBN1I500G/,Timeline: Tesla CEO Elon Musk's promises to investors,Tier 1 independent quoting Musk,26,https://www.reuters.com/article/business/exclusive-tesla-hits-model-3-manufacturing-milestone-hours-after-deadline-fa-idUSKBN1JR1WX/,Tesla hits Model 3 manufacturing milestone hours after deadline,https://ir.tesla.com/press-release/tesla-q2-2018-vehicle-production-and-deliveries,Tesla Q2 2018 vehicle production and deliveries,34,8,12,80,75,Medium-High,3,1,No,Pass,No structural source limitation identified by the automated audit.
TESLA-012,https://www.reuters.com/article/technology/tesla-worried-by-china-tariffs-even-as-deliveries-surge-idUSKCN1MC1LY/,Tesla worried by China tariffs even as deliveries surge,Tier 1 independent quoting Musk,26,https://www.reuters.com/article/technology/tesla-worried-by-china-tariffs-even-as-deliveries-surge-idUSKCN1MC1LY/,Tesla worried by China tariffs even as deliveries surge,,,34,0,15,75,75,Medium-High,1,1,No,Pass with single-source limitation,No structural source limitation identified by the automated audit.
TESLA-013,https://www.reuters.com/article/world/uk/factbox-tesla-ceo-elon-musks-promises-to-investors-idUSKBN1I500J/,Factbox: Tesla CEO Elon Musk's promises to investors,Tier 1 independent quoting Musk,26,https://www.reuters.com/business/autos-transportation/elon-musks-late-unfulfilled-tesla-promises-2025-04-22/,Elon Musk's late and unfulfilled Tesla promises,,,34,0,15,75,75,Medium-High,2,1,No,Pass,No structural source limitation identified by the automated audit.
TESLA-014,https://www.reuters.com/article/us-tesla-model-idUSKCN0WY3JK/,"Tesla accelerates 500,000-car target to 2018",Tier 1 independent quoting Musk,26,https://ir.tesla.com/press-release/tesla-q4-2020-vehicle-production-deliveries,Tesla Q4 2020 vehicle production and deliveries,,,26,0,15,67,57,Medium,2,1,No,Pass with party-source limitation,No independent outcome source is cited; confidence deduction applied.
TESLA-015,https://www.reuters.com/article/technology/timeline-tesla-ceo-elon-musks-promises-to-investors-idUSKBN1I500G/,Timeline: Tesla CEO Elon Musk's promises to investors,Tier 1 independent quoting Musk,26,https://www.reuters.com/article/technology/timeline-tesla-ceo-elon-musks-promises-to-investors-idUSKBN1I500G/,Timeline: Tesla CEO Elon Musk's promises to investors,,,34,0,15,75,75,Medium-High,1,1,No,Pass with single-source limitation,No structural source limitation identified by the automated audit.
TESLA-016,https://www.reuters.com/article/technology/timeline-tesla-ceo-elon-musks-promises-to-investors-idUSKBN1I500G/,Timeline: Tesla CEO Elon Musk's promises to investors,Tier 1 independent quoting Musk,26,https://www.reuters.com/business/autos-transportation/elon-musks-late-unfulfilled-tesla-promises-2025-04-22/,Elon Musk's late and unfulfilled Tesla promises,,,34,0,12,72,67,Medium,2,1,No,Pass,No structural source limitation identified by the automated audit.
TESLA-017,https://www.reuters.com/business/autos-transportation/elon-musks-late-unfulfilled-tesla-promises-2025-04-22/,Elon Musk's late and unfulfilled Tesla promises,Tier 1 independent,26,https://www.reuters.com/article/world/tesla-debuts-35000-model-3-sees-loss-in-first-quarter-idUSKCN1QH2VM/,"Tesla debuts $35,000 Model 3",,,34,0,12,72,67,Medium,2,1,No,Pass,No structural source limitation identified by the automated audit.
TESLA-018,https://www.reuters.com/business/autos-transportation/elon-musks-late-unfulfilled-tesla-promises-2025-04-22/,Elon Musk's late and unfulfilled Tesla promises,Tier 1 independent,26,https://www.reuters.com/business/autos-transportation/tesla-scraps-low-cost-car-plans-amid-fierce-chinese-ev-competition-2024-04-05/,Tesla scraps low-cost car plans,https://www.reuters.com/business/autos-transportation/musk-now-says-its-pointless-build-25000-tesla-human-drivers-2024-11-05/,"Musk says it is pointless to build a $25,000 Tesla for human drivers",34,8,15,83,83,Medium-High,3,1,No,Pass with same-domain corroboration limitation,Both outcome sources are from the same domain; corroboration receives partial rather than full credit.
TESLA-019,https://www.reuters.com/business/autos-transportation/tesla-scraps-low-cost-car-plans-amid-fierce-chinese-ev-competition-2024-04-05/,Tesla scraps low-cost car plans,Tier 1 independent reproducing Musk's post,26,https://www.reuters.com/business/autos-transportation/tesla-executives-questioned-musk-after-he-denied-killing-25000-ev-project-2025-06-02/,"Tesla executives questioned Musk after he denied killing $25,000 EV project",https://www.reuters.com/business/autos-transportation/tesla-scraps-low-cost-car-plans-amid-fierce-chinese-ev-competition-2024-04-05/,Tesla scraps low-cost car plans,34,8,12,80,72,Medium-High,2,1,Yes,Pass with same-domain corroboration limitation,Both outcome sources are from the same domain; corroboration receives partial rather than full credit. Credible-source contestation is recorded and reflected in verdict confidence.
TESLA-020,https://www.reuters.com/business/autos-transportation/elon-musks-late-unfulfilled-tesla-promises-2025-04-22/,Elon Musk's late and unfulfilled Tesla promises,Tier 1 independent,26,https://www.tesla.com/support/fsd,Tesla Full Self-Driving (Supervised) support page,https://www.nytimes.com/interactive/2026/06/02/technology/elon-musk-promises-spacex-ipo.html,Elon Musk Laid Out 602 Goals. We Counted How Many He Hit,34,8,15,83,83,Medium-High,3,2,No,Pass,No structural source limitation identified by the automated audit.
TESLA-021,https://www.reuters.com/article/business/elon-musk-on-teslas-self-driving-capabilities-idUSKCN1RY0QX/,Elon Musk on Tesla's self-driving capabilities,Tier 1 independent quoting Musk,26,https://www.reuters.com/article/business/elon-musk-on-teslas-self-driving-capabilities-idUSKCN1RY0QX/,Elon Musk on Tesla's self-driving capabilities,https://www.nytimes.com/interactive/2026/06/02/technology/elon-musk-promises-spacex-ipo.html,Elon Musk Laid Out 602 Goals. We Counted How Many He Hit,34,15,15,90,90,High,2,2,No,Pass,No structural source limitation identified by the automated audit.
TESLA-022,https://www.reuters.com/article/business/elon-musk-on-teslas-self-driving-capabilities-idUSKCN1RY0QX/,Elon Musk on Tesla's self-driving capabilities,Tier 1 independent quoting Musk,26,https://www.reuters.com/article/business/elon-musk-on-teslas-self-driving-capabilities-idUSKCN1RY0QX/,Elon Musk on Tesla's self-driving capabilities,,,34,0,15,75,75,Medium-High,1,1,No,Pass with single-source limitation,No structural source limitation identified by the automated audit.
TESLA-023,https://archive.is/c2u4U,NYT audit transcript of Musk's dated business goals,Tier 1 independent transcription,26,https://www.reuters.com/article/business/elon-musk-on-teslas-self-driving-capabilities-idUSKCN1RY0QX/,Elon Musk on Tesla's self-driving capabilities,https://www.tesla.com/support/fsd,Tesla Full Self-Driving (Supervised) support page,34,8,12,80,75,Medium-High,3,2,No,Pass,No structural source limitation identified by the automated audit.
TESLA-024,https://www.reuters.com/article/business/elon-musk-on-teslas-self-driving-capabilities-idUSKCN1RY0QX/,Elon Musk on Tesla's self-driving capabilities,Tier 1 independent quoting Musk,26,https://www.reuters.com/business/autos-transportation/elon-musks-late-unfulfilled-tesla-promises-2025-04-22/,Elon Musk's late and unfulfilled Tesla promises,https://www.reuters.com/business/autos-transportation/tesla-tiptoes-into-long-promised-robotaxi-service-2025-06-22/,Tesla tiptoes into long-promised robotaxi service,34,8,15,83,83,Medium-High,3,1,No,Pass with same-domain corroboration limitation,Both outcome sources are from the same domain; corroboration receives partial rather than full credit.
TESLA-025,https://www.reuters.com/article/business/elon-musk-on-teslas-self-driving-capabilities-idUSKCN1RY0QX/,Elon Musk on Tesla's self-driving capabilities,Tier 1 independent quoting Musk,26,https://www.reuters.com/business/autos-transportation/elon-musks-late-unfulfilled-tesla-promises-2025-04-22/,Elon Musk's late and unfulfilled Tesla promises,,,34,0,15,75,75,Medium-High,2,1,No,Pass,No structural source limitation identified by the automated audit.
TESLA-026,https://archive.is/c2u4U,NYT audit transcript of Musk's dated business goals,Tier 1 independent transcription,26,https://www.tesla.com/support/fsd-subscription,Tesla Full Self-Driving subscription support,,,26,0,12,64,49,Medium-Low,2,1,No,Pass with party-source limitation,No independent outcome source is cited; confidence deduction applied.
TESLA-027,https://archive.is/c2u4U,NYT audit transcript of Musk's dated business goals,Tier 1 independent transcription,26,https://www.reuters.com/technology/elon-musk-says-tesla-full-self-driving-beta-now-available-north-america-2022-11-24/,Tesla FSD beta available to anyone in North America who requests it,https://www.tesla.com/support/fsd,Tesla Full Self-Driving (Supervised) support page,34,8,15,83,83,Medium-High,3,2,No,Pass,No structural source limitation identified by the automated audit.
TESLA-028,https://www.reuters.com/business/autos-transportation/musk-expects-tesla-achieve-full-self-driving-this-year-2022-04-21/,Musk expects Tesla to achieve full self-driving this year,Tier 1 independent quoting Musk,26,https://www.tesla.com/support/fsd,Tesla Full Self-Driving (Supervised) support page,,,26,0,15,67,57,Medium,2,1,No,Pass with party-source limitation,No independent outcome source is cited; confidence deduction applied.
TESLA-029,https://archive.is/c2u4U,NYT audit of Musk business goals,Tier 1 independent transcription,26,https://www.nytimes.com/interactive/2026/06/02/technology/elon-musk-promises-spacex-ipo.html,Elon Musk Laid Out 602 Goals. We Counted How Many He Hit,,,34,0,15,75,75,Medium-High,2,2,No,Pass,No structural source limitation identified by the automated audit.
TESLA-030,https://archive.is/c2u4U,NYT audit transcript of Musk's dated business goals,Tier 1 independent transcription,26,https://www.reuters.com/business/autos-transportation/tesla-tiptoes-into-long-promised-robotaxi-service-2025-06-22/,Tesla tiptoes into long-promised robotaxi service,,,34,0,12,72,67,Medium,2,2,No,Pass,No structural source limitation identified by the automated audit.
TESLA-031,https://archive.is/c2u4U,NYT audit transcript of Musk's dated business goals,Tier 1 independent transcription,26,https://www.reuters.com/business/autos-transportation/teslas-once-bullish-tone-robotaxis-shifts-2026-07-23/,Tesla's once-bullish tone on robotaxis shifts,,,34,0,15,75,75,Medium-High,2,2,No,Pass,No structural source limitation identified by the automated audit.
TESLA-032,https://archive.is/c2u4U,NYT audit transcript of Musk's dated business goals,Tier 1 independent transcription,26,https://www.reuters.com/business/autos-transportation/tesla-completes-first-fully-autonomous-model-y-delivery-ahead-schedule-2025-06-27/,Tesla completes first fully autonomous Model Y delivery ahead of schedule,,,34,0,15,75,75,Medium-High,2,2,No,Pass,No structural source limitation identified by the automated audit.
TESLA-033,https://archive.is/c2u4U,NYT audit transcript of Musk's dated business goals,Tier 1 independent transcription,26,https://www.nytimes.com/interactive/2026/06/02/technology/elon-musk-promises-spacex-ipo.html,Elon Musk Laid Out 602 Goals. We Counted How Many He Hit,,,34,0,12,72,67,Medium,2,2,No,Pass,No structural source limitation identified by the automated audit.
TESLA-034,https://www.reuters.com/business/autos-transportation/elon-musks-late-unfulfilled-tesla-promises-2025-04-22/,Elon Musk's late and unfulfilled Tesla promises,Tier 1 independent,26,https://www.reuters.com/business/autos-transportation/tesla-deliver-cybertrucks-after-musk-tempers-expectations-2023-11-30/,Tesla Cybertruck priced above initial estimate,,,34,0,12,72,67,Medium,2,1,No,Pass,No structural source limitation identified by the automated audit.
TESLA-035,https://www.reuters.com/business/autos-transportation/elon-musks-late-unfulfilled-tesla-promises-2025-04-22/,Elon Musk's late and unfulfilled Tesla promises,Tier 1 independent,26,https://www.reuters.com/business/autos-transportation/tesla-deliver-cybertrucks-after-musk-tempers-expectations-2023-11-30/,Tesla Cybertruck priced above initial estimate,,,34,0,15,75,75,Medium-High,2,1,No,Pass,No structural source limitation identified by the automated audit.
TESLA-036,https://www.reuters.com/business/autos-transportation/tesla-deliver-cybertrucks-after-musk-tempers-expectations-2023-11-30/,Tesla Cybertruck priced above initial estimate,Tier 1 independent,26,https://www.reuters.com/business/autos-transportation/tesla-deliver-cybertrucks-after-musk-tempers-expectations-2023-11-30/,Tesla Cybertruck priced above initial estimate,,,34,0,15,75,75,Medium-High,1,1,No,Pass with single-source limitation,No structural source limitation identified by the automated audit.
TESLA-037,https://www.reuters.com/business/autos-transportation/elon-musks-late-unfulfilled-tesla-promises-2025-04-22/,Elon Musk's late and unfulfilled Tesla promises,Tier 1 independent,26,https://www.reuters.com/business/autos-transportation/teslas-semi-factory-nevada-have-first-trucks-production-by-end-2025-2025-04-28/,Tesla Semi factory to have first trucks in production by end of 2025,,,34,0,12,72,67,Medium,2,1,No,Pass,No structural source limitation identified by the automated audit.
TESLA-038,https://www.reuters.com/business/autos-transportation/elon-musks-late-unfulfilled-tesla-promises-2025-04-22/,Elon Musk's late and unfulfilled Tesla promises,Tier 1 independent,26,https://www.tesla.com/semi,Tesla Semi product page,https://www.reuters.com/business/autos-transportation/elon-musks-late-unfulfilled-tesla-promises-2025-04-22/,Elon Musk's late and unfulfilled Tesla promises,34,8,12,80,75,Medium-High,2,1,No,Pass,No structural source limitation identified by the automated audit.
TESLA-039,https://www.reuters.com/business/autos-transportation/teslas-semi-factory-nevada-have-first-trucks-production-by-end-2025-2025-04-28/,Tesla Semi factory to have first trucks in production by end of 2025,Tier 1 independent quoting Musk,26,https://www.reuters.com/business/autos-transportation/teslas-semi-factory-nevada-have-first-trucks-production-by-end-2025-2025-04-28/,Tesla Semi factory to have first trucks in production by end of 2025,,,34,0,15,75,75,Medium-High,1,1,No,Pass with single-source limitation,No structural source limitation identified by the automated audit.
TESLA-040,https://www.reuters.com/business/autos-transportation/elon-musks-late-unfulfilled-tesla-promises-2025-04-22/,Elon Musk's late and unfulfilled Tesla promises,Tier 1 independent,26,https://www.reuters.com/business/autos-transportation/elon-musks-late-unfulfilled-tesla-promises-2025-04-22/,Elon Musk's late and unfulfilled Tesla promises,,,34,0,15,75,75,Medium-High,1,1,No,Pass with single-source limitation,No structural source limitation identified by the automated audit.
TESLA-041,https://www.reuters.com/business/autos-transportation/elon-musks-late-unfulfilled-tesla-promises-2025-04-22/,Elon Musk's late and unfulfilled Tesla promises,Tier 1 independent,26,https://www.reuters.com/business/autos-transportation/elon-musks-late-unfulfilled-tesla-promises-2025-04-22/,Elon Musk's late and unfulfilled Tesla promises,https://www.nytimes.com/interactive/2026/06/02/technology/elon-musk-promises-spacex-ipo.html,Elon Musk Laid Out 602 Goals. We Counted How Many He Hit,34,15,15,90,90,High,2,2,No,Pass,No structural source limitation identified by the automated audit.
TESLA-042,https://www.reuters.com/article/us-tesla-solarroof/tesla-ceo-says-company-aims-to-make-1000-solar-roofs-weekly-by-end-2019-idUSKCN1UP2EE/,"Tesla aims to make 1,000 solar roofs weekly by end-2019",Tier 1 independent quoting Musk,26,https://www.reuters.com/business/autos-transportation/elon-musks-late-unfulfilled-tesla-promises-2025-04-22/,Elon Musk's late and unfulfilled Tesla promises,,,34,0,15,75,75,Medium-High,2,1,No,Pass,No structural source limitation identified by the automated audit.
TESLA-043,https://www.tesla.com/master-plan-part-deux,"Master Plan, Part Deux",Primary,30,https://www.tesla.com/solarroof,Tesla Solar Roof,https://www.tesla.com/powerwall,Tesla Powerwall,26,8,15,79,69,Medium,3,0,No,Pass with party-source limitation,No independent outcome source is cited; confidence deduction applied. Both outcome sources are from the same domain; corroboration receives partial rather than full credit.
TESLA-044,https://www.tesla.com/master-plan-part-deux,"Master Plan, Part Deux",Primary,30,https://www.tesla.com/blog/tesla-semi,Tesla Semi unveiled,,,26,0,15,71,61,Medium,2,0,No,Pass with party-source limitation,No independent outcome source is cited; confidence deduction applied.
TESLA-045,https://www.tesla.com/master-plan-part-deux,"Master Plan, Part Deux",Primary,30,https://www.reuters.com/business/autos-transportation/elon-musks-late-unfulfilled-tesla-promises-2025-04-22/,Elon Musk's late and unfulfilled Tesla promises,https://www.nytimes.com/interactive/2026/06/02/technology/elon-musk-promises-spacex-ipo.html,Elon Musk Laid Out 602 Goals. We Counted How Many He Hit,34,15,15,94,94,High,3,2,No,Pass,No structural source limitation identified by the automated audit.
TESLA-046,https://www.tesla.com/master-plan-part-deux,"Master Plan, Part Deux",Primary,30,https://www.tesla.com/support/fsd,Tesla Full Self-Driving (Supervised) support page,https://www.reuters.com/business/autos-transportation/teslas-once-bullish-tone-robotaxis-shifts-2026-07-23/,Tesla's once-bullish tone on robotaxis shifts,34,8,12,84,84,Medium-High,3,1,No,Pass,No structural source limitation identified by the automated audit.
TESLA-047,https://www.reuters.com/business/autos-transportation/elon-musks-late-unfulfilled-tesla-promises-2025-04-22/,Elon Musk's late and unfulfilled Tesla promises,Tier 1 independent,26,https://www.reuters.com/business/autos-transportation/tesla-drops-20-million-vehicle-production-target-impact-report-2024-05-23/,Tesla drops 20 million vehicle production target from impact report,,,34,0,12,72,72,Medium-High,2,1,No,Pass,No structural source limitation identified by the automated audit.
TESLA-048,https://www.reuters.com/technology/tesla-unveils-optimus-robot-prototype-targets-price-under-20000-2022-10-01/,Tesla unveils Optimus robot prototype,Tier 1 independent,26,https://www.reuters.com/technology/tesla-unveils-optimus-robot-prototype-targets-price-under-20000-2022-10-01/,Tesla unveils Optimus robot prototype,,,34,0,15,75,75,Medium-High,1,1,No,Pass with single-source limitation,No structural source limitation identified by the automated audit.
TESLA-049,https://www.reuters.com/business/autos-transportation/musk-says-tesla-have-humanoid-robots-internal-use-next-year-2024-07-22/,Musk says Tesla to have humanoid robots in internal use next year,Tier 1 independent quoting Musk,26,https://www.nytimes.com/interactive/2026/06/02/technology/elon-musk-promises-spacex-ipo.html,Elon Musk Laid Out 602 Goals. We Counted How Many He Hit,,,34,0,12,72,72,Medium-High,2,2,No,Pass,No structural source limitation identified by the automated audit.
TESLA-050,https://www.sec.gov/newsroom/press-releases/2018-219,SEC charges Elon Musk with securities fraud,Official regulator reproducing statement,30,https://www.sec.gov/newsroom/press-releases/2018-226,Elon Musk settles SEC fraud charges; Tesla charged with and resolves securities law charge,https://www.nytimes.com/interactive/2026/06/02/technology/elon-musk-promises-spacex-ipo.html,Elon Musk Laid Out 602 Goals. We Counted How Many He Hit,40,15,12,97,89,High,3,2,Yes,Pass,Credible-source contestation is recorded and reflected in verdict confidence.
SPACEX-001,https://archive.is/c2u4U,NYT audit of Musk business goals,Tier 1 independent transcription,26,https://www.nytimes.com/interactive/2026/06/02/technology/elon-musk-promises-spacex-ipo.html,Elon Musk Laid Out 602 Goals. We Counted How Many He Hit,,,34,0,15,75,75,Medium-High,2,2,No,Pass,No structural source limitation identified by the automated audit.
SPACEX-002,https://archive.is/c2u4U,NYT audit of Musk business goals,Tier 1 independent transcription,26,https://www.nytimes.com/interactive/2026/06/02/technology/elon-musk-promises-spacex-ipo.html,Elon Musk Laid Out 602 Goals. We Counted How Many He Hit,,,34,0,12,72,72,Medium-High,2,2,No,Pass,No structural source limitation identified by the automated audit.
SPACEX-003,https://archive.is/c2u4U,NYT audit transcript of Musk's Mars goals,Tier 1 independent transcription,26,https://www.nytimes.com/interactive/2026/06/02/technology/elon-musk-promises-spacex-ipo.html,Elon Musk Laid Out 602 Goals. We Counted How Many He Hit,,,34,0,12,72,72,Medium-High,2,2,No,Pass,No structural source limitation identified by the automated audit.
SPACEX-004,https://www.reuters.com/article/lifestyle/science/elon-musk-unveils-new-mars-rocket-prototype-expects-missions-in-months-idUSKBN1WE0OF/,Musk unveils Starship prototype and expects missions in months,Tier 1 independent quoting Musk,26,https://www.reuters.com/business/aerospace-defense/elon-musks-spacex-launches-debut-flight-starship-rocket-system-2023-04-20/,SpaceX launches debut flight of Starship rocket system,,,34,0,12,72,67,Medium,2,1,No,Pass,No structural source limitation identified by the automated audit.
SPACEX-005,https://www.reuters.com/article/lifestyle/science/elon-musk-unveils-new-mars-rocket-prototype-expects-missions-in-months-idUSKBN1WE0OF/,Musk unveils Starship prototype and expects missions in months,Tier 1 independent quoting Musk,26,https://www.reuters.com/business/aerospace-defense/elon-musks-spacex-launches-debut-flight-starship-rocket-system-2023-04-20/,SpaceX launches debut flight of Starship rocket system,https://www.nytimes.com/interactive/2026/06/02/technology/elon-musk-promises-spacex-ipo.html,Elon Musk Laid Out 602 Goals. We Counted How Many He Hit,34,15,15,90,90,High,3,2,No,Pass,No structural source limitation identified by the automated audit.
SPACEX-006,https://www.reuters.com/lifestyle/science/spacex-chief-elon-musk-highly-confident-his-starship-will-reach-orbit-this-year-2022-02-11/,Musk highly confident Starship will reach orbit this year,Tier 1 independent quoting Musk,26,https://www.reuters.com/business/aerospace-defense/elon-musks-spacex-launches-debut-flight-starship-rocket-system-2023-04-20/,SpaceX launches debut flight of Starship rocket system,,,34,0,12,72,67,Medium,2,1,No,Pass,No structural source limitation identified by the automated audit.
SPACEX-007,https://archive.is/c2u4U,NYT audit transcript of Musk's dated business goals,Tier 1 independent transcription,26,https://www.reuters.com/business/aerospace-defense/elon-musks-spacex-launches-debut-flight-starship-rocket-system-2023-04-20/,SpaceX launches debut flight of Starship rocket system,,,34,0,12,72,67,Medium,2,2,No,Pass,No structural source limitation identified by the automated audit.
SPACEX-008,https://www.reuters.com/lifestyle/science/spacex-chief-elon-musk-highly-confident-his-starship-will-reach-orbit-this-year-2022-02-11/,Musk highly confident Starship will reach orbit this year,Tier 1 independent quoting Musk,26,https://www.reuters.com/lifestyle/science/spacex-chief-elon-musk-highly-confident-his-starship-will-reach-orbit-this-year-2022-02-11/,Musk highly confident Starship will reach orbit this year,,,34,0,8,68,53,Medium-Low,1,1,No,Pass with single-source limitation,No structural source limitation identified by the automated audit.
SPACEX-009,https://www.reuters.com/lifestyle/science/spacex-chief-elon-musk-highly-confident-his-starship-will-reach-orbit-this-year-2022-02-11/,Musk highly confident Starship will reach orbit this year,Tier 1 independent,26,https://www.reuters.com/technology/space/japanese-billionaire-maezawa-dearmoon-mission-cancels-moon-flyby-2024-06-01/,Japanese billionaire Maezawa cancels dearMoon mission,,,34,0,15,75,75,Medium-High,2,1,No,Pass,No structural source limitation identified by the automated audit.
SPACEX-010,https://archive.is/c2u4U,NYT audit transcript of Musk's dated business goals,Tier 1 independent transcription,26,https://www.spacex.com/launches/mission/?missionId=starship-flight-2,SpaceX Starship Flight 2,,,26,0,12,64,49,Medium-Low,2,1,No,Pass with party-source limitation,No independent outcome source is cited; confidence deduction applied.
SPACEX-011,https://archive.is/c2u4U,NYT audit transcript of Musk's Mars goals,Tier 1 independent transcription,26,https://www.nytimes.com/interactive/2026/06/02/technology/elon-musk-promises-spacex-ipo.html,Elon Musk Laid Out 602 Goals. We Counted How Many He Hit,,,34,0,12,72,72,Medium-High,2,2,No,Pass,No structural source limitation identified by the automated audit.
SPACEX-012,https://archive.is/c2u4U,NYT audit transcript of Musk's Mars goals,Tier 1 independent transcription,26,https://www.nytimes.com/interactive/2026/06/02/technology/elon-musk-promises-spacex-ipo.html,Elon Musk Laid Out 602 Goals. We Counted How Many He Hit,,,34,0,12,72,72,Medium-High,2,2,No,Pass,No structural source limitation identified by the automated audit.
SPACEX-013,https://archive.is/c2u4U,NYT audit transcript of Musk's Mars goals,Tier 1 independent transcription,26,https://www.nytimes.com/interactive/2026/06/02/technology/elon-musk-promises-spacex-ipo.html,Elon Musk Laid Out 602 Goals. We Counted How Many He Hit,,,34,0,12,72,72,Medium-High,2,2,No,Pass,No structural source limitation identified by the automated audit.
SPACEX-014,https://archive.is/c2u4U,NYT audit transcript of Musk's Mars goals,Tier 1 independent transcription,26,https://www.nytimes.com/interactive/2026/06/02/technology/elon-musk-promises-spacex-ipo.html,Elon Musk Laid Out 602 Goals. We Counted How Many He Hit,,,34,0,12,72,72,Medium-High,2,2,No,Pass,No structural source limitation identified by the automated audit.
SPACEX-015,https://archive.is/c2u4U,NYT audit transcript of Musk's Mars goals,Tier 1 independent transcription,26,https://www.nytimes.com/interactive/2026/06/02/technology/elon-musk-promises-spacex-ipo.html,Elon Musk Laid Out 602 Goals. We Counted How Many He Hit,,,34,0,12,72,72,Medium-High,2,2,No,Pass,No structural source limitation identified by the automated audit.
SPACEX-016,https://archive.is/c2u4U,NYT audit transcript of Musk's Mars goals,Tier 1 independent transcription,26,https://www.nytimes.com/interactive/2026/06/02/technology/elon-musk-promises-spacex-ipo.html,Elon Musk Laid Out 602 Goals. We Counted How Many He Hit,,,34,0,12,72,72,Medium-High,2,2,No,Pass,No structural source limitation identified by the automated audit.
SPACEX-017,https://www.reuters.com/article/us-space-spacex-musk/spacex-ceo-musk-says-crew-dragon-capsule-will-be-ready-in-three-to-four-months-idUSKBN1WH1LN/,Musk says Crew Dragon capsule will be ready in three to four months,Tier 1 independent quoting Musk,26,https://www.nasa.gov/mission/nasas-spacex-demo-2/,NASA's SpaceX Demo-2 mission,,,40,0,12,78,73,Medium-High,2,2,No,Pass,No structural source limitation identified by the automated audit.
SPACEX-018,https://www.nasa.gov/history/5-years-ago-first-flight-of-the-falcon-heavy-rocket/,"NASA: Five years ago, first flight of Falcon Heavy",Official retrospective,30,https://www.nasa.gov/history/5-years-ago-first-flight-of-the-falcon-heavy-rocket/,"NASA: Five years ago, first flight of Falcon Heavy",,,40,0,12,82,77,Medium-High,1,1,No,Pass with single-source limitation,No structural source limitation identified by the automated audit.
X-001,https://www.reuters.com/markets/deals/elon-musk-says-twitter-will-create-content-moderation-council-2022-10-28/,Musk says Twitter will create content moderation council,Tier 1 independent quoting Musk,26,https://www.reuters.com/technology/elon-musk-says-twitter-provide-amnesty-some-suspended-accounts-starting-next-2022-11-24/,Musk says Twitter to provide amnesty to some suspended accounts,https://www.reuters.com/technology/twitter-dissolves-trust-safety-council-2022-12-13/,Twitter dissolves Trust and Safety Council,34,8,15,83,83,Medium-High,3,1,No,Pass with same-domain corroboration limitation,Both outcome sources are from the same domain; corroboration receives partial rather than full credit.
X-002,https://politifact.com/factchecks/2022/dec/19/elon-musk/elon-musk-said-he-wouldnt-ban-the-twitter-account/,Musk said he would not ban the Twitter account tracking his jet,Established specialist fact-checker linking the original post,24,https://politifact.com/factchecks/2022/dec/19/elon-musk/elon-musk-said-he-wouldnt-ban-the-twitter-account/,Musk said he would not ban the Twitter account tracking his jet,,,31,0,15,70,70,Medium-High,1,1,No,Pass with single-source limitation,No structural source limitation identified by the automated audit.
X-003,https://www.reuters.com/technology/elon-musks-twitter-suspension-journalists-draws-global-backlash-2022-12-16/,Musk restores Twitter accounts of journalists,Tier 1 independent quoting Musk and documenting outcome,26,https://www.reuters.com/technology/elon-musks-twitter-suspension-journalists-draws-global-backlash-2022-12-16/,Musk restores Twitter accounts of journalists,,,34,0,15,75,75,Medium-High,1,1,No,Pass with single-source limitation,No structural source limitation identified by the automated audit.
X-004,https://www.reuters.com/technology/twitter-makes-content-recommendation-code-public-2023-03-31/,Twitter makes some of its source code public,Tier 1 independent quoting Musk,26,https://www.reuters.com/technology/twitter-makes-content-recommendation-code-public-2023-03-31/,Twitter makes some of its source code public,https://github.com/twitter/the-algorithm,Twitter's public algorithm repository,34,15,12,87,82,Medium-High,2,2,No,Pass,No structural source limitation identified by the automated audit.
X-005,https://www.reuters.com/technology/twitter-makes-content-recommendation-code-public-2023-03-31/,Twitter makes some of its source code public,Tier 1 independent quoting Musk,26,https://www.reuters.com/business/media-telecom/musks-x-open-source-new-algorithm-seven-days-2026-01-10/,Musk's X to open source new algorithm in seven days,https://techcrunch.com/2026/01/20/x-open-sources-its-algorithm-while-facing-a-transparency-fine-and-grok-controversies/,X open sources its algorithm in 2026,34,15,15,90,90,High,3,2,No,Pass,No structural source limitation identified by the automated audit.
X-006,https://www.reuters.com/business/media-telecom/musks-x-open-source-new-algorithm-seven-days-2026-01-10/,Musk's X to open source new algorithm in seven days,Tier 1 independent quoting Musk,26,https://techcrunch.com/2026/01/20/x-open-sources-its-algorithm-while-facing-a-transparency-fine-and-grok-controversies/,X open sources its algorithm while facing transparency scrutiny,https://github.com/twitter/the-algorithm,X algorithm repository,20,15,12,73,68,Medium,3,3,No,Pass,No structural source limitation identified by the automated audit.
X-007,https://www.reuters.com/business/media-telecom/musks-x-open-source-new-algorithm-seven-days-2026-01-10/,Musk's X to open source new algorithm in seven days,Tier 1 independent quoting Musk,26,https://github.com/twitter/the-algorithm,X algorithm repository,,,20,0,8,54,39,Low,2,2,No,Pass,No structural source limitation identified by the automated audit.
X-008,https://www.reuters.com/legal/musks-x-fund-legal-bills-people-treated-unfairly-due-posting-platform-2023-08-06/,Musk's X to pay legal bills of people treated unfairly for posting,Tier 1 independent quoting Musk,26,https://www.reuters.com/legal/government/elon-musks-x-taps-small-dc-law-firm-free-speech-battles-2024-02-08/,X pays Gina Carano's legal bills,https://www.reuters.com/legal/litigation/disney-settles-lawsuit-with-fired-mandalorian-actress-gina-carano-2025-08-07/,Disney settles Gina Carano lawsuit,34,8,8,76,61,Medium,3,1,No,Pass with same-domain corroboration limitation,Both outcome sources are from the same domain; corroboration receives partial rather than full credit.
X-009,https://www.reuters.com/technology/twitter-handles-engaging-impersonation-without-clearly-specifying-will-be-2022-11-06/,Musk says Twitter's mission is to become the most accurate information source,Tier 1 independent quoting Musk,26,https://www.reuters.com/technology/twitter-handles-engaging-impersonation-without-clearly-specifying-will-be-2022-11-06/,Musk says Twitter's mission is to become the most accurate information source,,,34,0,8,68,53,Medium-Low,1,1,No,Pass with single-source limitation,No structural source limitation identified by the automated audit.
X-010,https://www.reuters.com/technology/musk-says-he-will-step-down-twitter-ceo-once-he-finds-successor-2022-12-21/,Musk says he will step down as Twitter CEO once he finds a successor,Tier 1 independent quoting Musk,26,https://www.reuters.com/business/autos-transportation/xs-tumultuous-journey-under-elon-musk-2025-07-09/,X's tumultuous journey under Elon Musk,,,34,0,15,75,75,Medium-High,2,1,No,Pass,No structural source limitation identified by the automated audit.
X-011,https://www.reuters.com/technology/elon-musk-says-twitter-provide-amnesty-some-suspended-accounts-starting-next-2022-11-24/,Musk says Twitter to provide amnesty to some suspended accounts,Tier 1 independent quoting Musk,26,https://www.reuters.com/world/lgbtq-africans-fight-twitter-hate-speech-after-musks-takeover--trfn-2022-12-12/,LGBTQ+ Africans fight Twitter hate speech after Musk takeover,https://www.reuters.com/technology/twitter-introduce-new-controls-ad-placements-email-2022-12-09/,Twitter says amnesty excludes bad actors and illegal activity,34,8,12,80,75,Medium-High,3,1,No,Pass with same-domain corroboration limitation,Both outcome sources are from the same domain; corroboration receives partial rather than full credit.
NEURALINK-001,https://www.reuters.com/technology/elon-musks-missed-deadlines-fda-approval-neuralink-brain-chip-trials-2023-03-02/,Musk's missed Neuralink FDA deadlines,Tier 1 investigative reporting reconstructing the statement,26,https://www.reuters.com/science/elon-musks-neuralink-gets-us-fda-approval-human-clinical-study-brain-implants-2023-05-25/,Neuralink wins FDA clearance for first human study,,,34,0,12,72,67,Medium,2,1,No,Pass,No structural source limitation identified by the automated audit.
NEURALINK-002,https://www.reuters.com/technology/elon-musks-missed-deadlines-fda-approval-neuralink-brain-chip-trials-2023-03-02/,Musk's missed Neuralink FDA deadlines,Tier 1 investigative reporting quoting Musk,26,https://www.reuters.com/technology/neuralink-implants-brain-chip-first-human-musk-says-2024-01-29/,Neuralink implants brain chip in first human,https://www.reuters.com/legal/litigation/elon-musks-neuralink-says-it-has-21-participants-enrolled-trials-2026-01-28/,Neuralink reports 21 trial participants in 2026,34,8,12,80,75,Medium-High,3,1,No,Pass with same-domain corroboration limitation,Both outcome sources are from the same domain; corroboration receives partial rather than full credit.
NEURALINK-003,https://www.reuters.com/technology/elon-musks-missed-deadlines-fda-approval-neuralink-brain-chip-trials-2023-03-02/,Musk's missed Neuralink FDA deadlines,Tier 1 investigative reporting quoting Musk,26,https://www.reuters.com/technology/neuralink-implants-brain-chip-first-human-musk-says-2024-01-29/,Neuralink implants brain chip in first human,,,34,0,12,72,67,Medium,2,1,No,Pass,No structural source limitation identified by the automated audit.
NEURALINK-004,https://www.reuters.com/technology/elon-musk-says-expects-neuralink-begin-human-trials-six-months-2022-12-01/,Musk expects Neuralink human trials in six months,Tier 1 independent quoting Musk,26,https://www.reuters.com/science/elon-musks-neuralink-gets-us-fda-approval-human-clinical-study-brain-implants-2023-05-25/,Neuralink wins FDA clearance,https://www.reuters.com/technology/neuralink-implants-brain-chip-first-human-musk-says-2024-01-29/,Neuralink implants first human,34,8,12,80,75,Medium-High,3,1,No,Pass with same-domain corroboration limitation,Both outcome sources are from the same domain; corroboration receives partial rather than full credit.
NEURALINK-005,https://www.reuters.com/technology/neuralink-implants-brain-chip-first-human-musk-says-2024-01-29/,Neuralink implants brain chip in first human,Tier 1 independent quoting Musk,26,https://www.reuters.com/business/healthcare-pharmaceuticals/neuralinks-first-human-patient-able-control-mouse-through-thinking-musk-says-2024-02-20/,First Neuralink patient controls mouse by thought,https://www.reuters.com/business/healthcare-pharmaceuticals/neuralink-shows-first-brain-chip-patient-playing-online-chess-2024-03-21/,Neuralink patient plays online chess by thought,34,8,15,83,83,Medium-High,3,1,No,Pass with same-domain corroboration limitation,Both outcome sources are from the same domain; corroboration receives partial rather than full credit.
NEURALINK-006,https://www.reuters.com/business/healthcare-pharmaceuticals/musk-says-neuralink-start-high-volume-production-interface-devices-by-2026-2026-01-01/,Musk says Neuralink plans high-volume production by 2026,Tier 1 independent quoting Musk,26,https://www.reuters.com/legal/litigation/elon-musks-neuralink-says-it-has-21-participants-enrolled-trials-2026-01-28/,Neuralink reports 21 trial participants,,,34,0,12,72,72,Medium-High,2,1,No,Pass,No structural source limitation identified by the automated audit.
BORING-001,https://www.reuters.com/article/world/elon-musk-unveils-his-first-los-angeles-area-tunnel-idUSKBN1OI03Q/,Musk unveils first Los Angeles-area tunnel,Tier 1 independent documenting statement and outcome,26,https://www.reuters.com/article/world/elon-musk-unveils-his-first-los-angeles-area-tunnel-idUSKBN1OI03Q/,Musk unveils first Los Angeles-area tunnel,,,34,0,12,72,67,Medium,1,1,No,Pass with single-source limitation,No structural source limitation identified by the automated audit.
BORING-002,https://www.reuters.com/article/world/elon-musk-unveils-his-first-los-angeles-area-tunnel-idUSKBN1OI03Q/,Musk unveils first Los Angeles-area tunnel,Tier 1 independent quoting Musk,26,https://www.boringcompany.com/projects,The Boring Company project list,https://www.nytimes.com/interactive/2026/06/02/technology/elon-musk-promises-spacex-ipo.html,NYT audit of Musk's dated business goals,34,8,15,83,83,Medium-High,3,2,No,Pass,No structural source limitation identified by the automated audit.
BORING-003,https://www.reuters.com/article/world/us-chicago-mayor-meets-with-dot-officials-on-musks-tunnel-project-idUSKBN1JO2CS/,Chicago mayor meets DOT officials on Musk tunnel project,Tier 1 independent quoting Musk,26,https://www.boringcompany.com/projects,The Boring Company project list,https://www.nytimes.com/interactive/2026/06/02/technology/elon-musk-promises-spacex-ipo.html,NYT audit of Musk's dated business goals,34,8,15,83,83,Medium-High,3,2,No,Pass,No structural source limitation identified by the automated audit.
BORING-004,https://www.reuters.com/article/world/us-chicago-mayor-meets-with-dot-officials-on-musks-tunnel-project-idUSKBN1JO2CS/,Chicago mayor meets DOT officials on Musk tunnel project,Tier 1 independent quoting Musk,26,https://www.boringcompany.com/projects,The Boring Company project list,https://www.nytimes.com/interactive/2026/06/02/technology/elon-musk-promises-spacex-ipo.html,NYT audit of Musk's dated business goals,34,8,15,83,83,Medium-High,3,2,No,Pass,No structural source limitation identified by the automated audit.
BORING-005,https://www.axios.com/2017/12/15/white-house-didnt-give-elon-musk-verbal-approval-for-tunnel-project-1513306894,White House did not give Musk verbal approval for tunnel project,Independent reporting quoting White House adviser,18,https://www.axios.com/2017/12/15/white-house-didnt-give-elon-musk-verbal-approval-for-tunnel-project-1513306894,White House did not give Musk verbal approval for tunnel project,,,20,0,15,53,50,Medium-Low,1,1,Yes,Pass with single-source limitation,Credible-source contestation is recorded and reflected in verdict confidence.
PUBLIC-001,https://politifact.com/factchecks/2025/nov/04/elon-musk/new-york-city-mayor-election-ballot-fusion/,"Listing candidates twice is fusion voting, not a scam",Established specialist fact-checker with linked original statement,24,https://politifact.com/factchecks/2025/nov/04/elon-musk/new-york-city-mayor-election-ballot-fusion/,"Listing candidates twice is fusion voting, not a scam",https://politifact.com/personalities/elon-musk/,PolitiFact Elon Musk speaker scorecard,31,8,15,78,75,Medium-High,2,1,Yes,Pass with same-domain corroboration limitation,Both outcome sources are from the same domain; corroboration receives partial rather than full credit. Credible-source contestation is recorded and reflected in verdict confidence.
PUBLIC-002,https://politifact.com/factchecks/2025/mar/19/elon-musk/is-social-security-a-ponzi-scheme-fact-checking-el/,Is Social Security a Ponzi scheme?,Established specialist fact-checker with linked original statement,24,https://politifact.com/factchecks/2025/mar/19/elon-musk/is-social-security-a-ponzi-scheme-fact-checking-el/,Is Social Security a Ponzi scheme?,https://politifact.com/personalities/elon-musk/,PolitiFact Elon Musk speaker scorecard,31,8,12,75,67,Medium,2,1,Yes,Pass with same-domain corroboration limitation,Both outcome sources are from the same domain; corroboration receives partial rather than full credit. Credible-source contestation is recorded and reflected in verdict confidence.
PUBLIC-003,https://politifact.com/factchecks/2025/feb/21/elon-musk/fact-check-elon-musk-cpac-bidens-immigration-polic/,No evidence of a Biden voter-importation plan,Established specialist fact-checker with linked original statement,24,https://politifact.com/factchecks/2025/feb/21/elon-musk/fact-check-elon-musk-cpac-bidens-immigration-polic/,No evidence of a Biden voter-importation plan,https://politifact.com/personalities/elon-musk/,PolitiFact Elon Musk speaker scorecard,31,8,12,75,67,Medium,2,1,Yes,Pass with same-domain corroboration limitation,Both outcome sources are from the same domain; corroboration receives partial rather than full credit. Credible-source contestation is recorded and reflected in verdict confidence.
PUBLIC-004,https://politifact.com/factchecks/2025/feb/14/elon-musk/fema-did-not-give-disaster-relief-money-to-new-yor/,FEMA did not divert disaster relief money to luxury hotels,Established specialist fact-checker with linked original statement,24,https://politifact.com/factchecks/2025/feb/14/elon-musk/fema-did-not-give-disaster-relief-money-to-new-yor/,FEMA did not divert disaster relief money to luxury hotels,https://politifact.com/personalities/elon-musk/,PolitiFact Elon Musk speaker scorecard,31,8,15,78,75,Medium-High,2,1,Yes,Pass with same-domain corroboration limitation,Both outcome sources are from the same domain; corroboration receives partial rather than full credit. Credible-source contestation is recorded and reflected in verdict confidence.
PUBLIC-005,https://politifact.com/factchecks/2024/nov/19/elon-musk/no-democrat-bob-casey-is-not-asking-to-count-nonci/,Bob Casey was not asking to count noncitizen votes,Established specialist fact-checker with linked original statement,24,https://politifact.com/factchecks/2024/nov/19/elon-musk/no-democrat-bob-casey-is-not-asking-to-count-nonci/,Bob Casey was not asking to count noncitizen votes,https://politifact.com/personalities/elon-musk/,PolitiFact Elon Musk speaker scorecard,31,8,15,78,75,Medium-High,2,1,Yes,Pass with same-domain corroboration limitation,Both outcome sources are from the same domain; corroboration receives partial rather than full credit. Credible-source contestation is recorded and reflected in verdict confidence.
PUBLIC-006,https://politifact.com/factchecks/2024/oct/04/elon-musk/unpacking-elon-musks-false-claim-about-cbp-one-app/,"CBP One claim about approval, documents and flights was false",Established specialist fact-checker with linked original statement,24,https://politifact.com/factchecks/2024/oct/04/elon-musk/unpacking-elon-musks-false-claim-about-cbp-one-app/,"CBP One claim about approval, documents and flights was false",https://politifact.com/personalities/elon-musk/,PolitiFact Elon Musk speaker scorecard,31,8,15,78,75,Medium-High,2,1,Yes,Pass with same-domain corroboration limitation,Both outcome sources are from the same domain; corroboration receives partial rather than full credit. Credible-source contestation is recorded and reflected in verdict confidence.
PUBLIC-007,https://politifact.com/factchecks/2024/mar/06/elon-musk/fact-check-elon-musks-claim-that-democrats-are-avo/,Claim that Democrats avoid deportations to win elections was false,Established specialist fact-checker with linked original statement,24,https://politifact.com/factchecks/2024/mar/06/elon-musk/fact-check-elon-musks-claim-that-democrats-are-avo/,Claim that Democrats avoid deportations to win elections was false,https://politifact.com/personalities/elon-musk/,PolitiFact Elon Musk speaker scorecard,31,8,12,75,67,Medium,2,1,Yes,Pass with same-domain corroboration limitation,Both outcome sources are from the same domain; corroboration receives partial rather than full credit. Credible-source contestation is recorded and reflected in verdict confidence.
PUBLIC-008,https://politifact.com/factchecks/2024/feb/23/elon-musk/elon-musk-says-theres-scientific-consensus-on-birt/,No such clear scientific consensus exists,Established specialist fact-checker with linked original statement,24,https://politifact.com/factchecks/2024/feb/23/elon-musk/elon-musk-says-theres-scientific-consensus-on-birt/,No such clear scientific consensus exists,https://politifact.com/personalities/elon-musk/,PolitiFact Elon Musk speaker scorecard,31,8,15,78,75,Medium-High,2,1,Yes,Pass with same-domain corroboration limitation,Both outcome sources are from the same domain; corroboration receives partial rather than full credit. Credible-source contestation is recorded and reflected in verdict confidence.
PUBLIC-009,https://politifact.com/factchecks/2024/feb/06/elon-musk/elon-musk-is-wrong-to-say-joe-biden-is-recruiting/,No evidence Biden was recruiting immigrants to create a permanent majority,Established specialist fact-checker with linked original statement,24,https://politifact.com/factchecks/2024/feb/06/elon-musk/elon-musk-is-wrong-to-say-joe-biden-is-recruiting/,No evidence Biden was recruiting immigrants to create a permanent majority,https://politifact.com/personalities/elon-musk/,PolitiFact Elon Musk speaker scorecard,31,8,12,75,67,Medium,2,1,Yes,Pass with same-domain corroboration limitation,Both outcome sources are from the same domain; corroboration receives partial rather than full credit. Credible-source contestation is recorded and reflected in verdict confidence.
PUBLIC-010,https://politifact.com/factchecks/2022/may/04/elon-musk/elon-musks-false-claim-nbc-news-covered-hunter-bid/,NBC News did cover the Hunter Biden laptop story,Established specialist fact-checker with linked original statement,24,https://politifact.com/factchecks/2022/may/04/elon-musk/elon-musks-false-claim-nbc-news-covered-hunter-bid/,NBC News did cover the Hunter Biden laptop story,https://politifact.com/personalities/elon-musk/,PolitiFact Elon Musk speaker scorecard,31,8,15,78,75,Medium-High,2,1,Yes,Pass with same-domain corroboration limitation,Both outcome sources are from the same domain; corroboration receives partial rather than full credit. Credible-source contestation is recorded and reflected in verdict confidence.
PUBLIC-011,https://time.com/5387001/elon-musk-calls-vernon-unsworth-child-rapist/,"Elon Musk Renews Baseless Attacks on Thailand Cave Expert, Calling Him a 'Child Rapist'",Major national publication documenting Musk emails and posts,26,https://www.reuters.com/article/technology/tesla-boss-elon-musk-wins-defamation-trial-over-his-pedo-guy-tweet-idUSKBN1YA13S/,Tesla boss Elon Musk wins defamation trial over his 'pedo guy' tweet,https://apnews.com/article/551bbd1c40c76865f7cbef35bd62b335,Elon Musk cleared of defamation in 'pedo guy' tweet trial,34,15,12,87,79,Medium-High,3,3,Yes,Pass,Credible-source contestation is recorded and reflected in verdict confidence.
PUBLIC-012,https://www.washingtonpost.com/technology/2023/09/20/walter-isaacson-elon-musk-details/,Twitter regrets and glass houses: 8 things we learned from the Musk bio,Major national newspaper summarizing an authorized biography and Musk’s public denial,26,https://www.washingtonpost.com/technology/2023/09/20/walter-isaacson-elon-musk-details/,Twitter regrets and glass houses: 8 things we learned from the Musk bio,https://www.businessinsider.com/elon-musk-father-errol-never-owned-emerald-mine-telling-truth-2023-9,"Elon Musk's father Errol never owned an emerald mine, biographer says",34,15,8,83,58,Medium,2,2,Yes,Pass,Credible-source contestation is recorded and reflected in verdict confidence.
PUBLIC-013,https://www.reuters.com/technology/teslas-musk-says-he-will-pay-over-11-bln-taxes-this-year-2021-12-20/,Tesla's Musk says he will pay over $11 billion in taxes this year,Major wire documenting the original post and contemporaneous tax estimates,26,https://www.reuters.com/technology/teslas-musk-says-he-will-pay-over-11-bln-taxes-this-year-2021-12-20/,Tesla's Musk says he will pay over $11 billion in taxes this year,https://www.reuters.com/business/teslas-musk-completes-option-related-sales-plan-filing-2021-12-29/,"Musk completes option-related Tesla stock sales plan, filings show",34,8,12,80,75,Medium-High,2,1,No,Pass with same-domain corroboration limitation,Both outcome sources are from the same domain; corroboration receives partial rather than full credit.
PUBLIC-014,https://apnews.com/article/elon-musk-twitter-inc-technology-san-francisco-d1db5688e11f0b7a82fb4a815f8149f6,Musk tweets link to an unfounded conspiracy theory,Associated Press reporting with the original post and linked material,26,https://apnews.com/article/fact-check-pelosi-attack-conspiracy-theories-misinformation-028336957768,"False, unfounded claims distort attack on Paul Pelosi",https://apnews.com/article/elon-musk-twitter-inc-technology-san-francisco-d1db5688e11f0b7a82fb4a815f8149f6,Musk tweets link to an unfounded conspiracy theory,34,8,12,80,72,Medium-High,2,1,Yes,Pass with same-domain corroboration limitation,Both outcome sources are from the same domain; corroboration receives partial rather than full credit. Credible-source contestation is recorded and reflected in verdict confidence.
PUBLIC-015,https://apnews.com/article/twitter-musk-texas-mall-shooting-misleading-claims-c297797d1eb0f708cc84d05e0735d8cc,"Elon Musk's tweets about Texas mall gunman spread misleading claims, question shooter's background",Associated Press reporting based on original posts and law-enforcement evidence,26,https://apnews.com/article/twitter-musk-texas-mall-shooting-misleading-claims-c297797d1eb0f708cc84d05e0735d8cc,"Elon Musk's tweets about Texas mall gunman spread misleading claims, question shooter's background",,,34,0,12,72,64,Medium,1,1,Yes,Pass with single-source limitation,Credible-source contestation is recorded and reflected in verdict confidence.
PUBLIC-016,https://www.factcheck.org/2024/03/elon-musk-overstates-partisan-impact-of-illegal-immigration-on-house-apportionment/,Elon Musk Overstates Partisan Impact of Illegal Immigration on House Apportionment,Established fact-checker linking the original post and demographic analyses,24,https://www.factcheck.org/2024/03/elon-musk-overstates-partisan-impact-of-illegal-immigration-on-house-apportionment/,Elon Musk Overstates Partisan Impact of Illegal Immigration on House Apportionment,,,31,0,12,67,59,Medium,1,1,Yes,Pass with single-source limitation,Credible-source contestation is recorded and reflected in verdict confidence.
PUBLIC-017,https://apnews.com/article/musk-million-sweepstakes-lottery-pennsylvania-krasner-4f683c48eb7dcc57f183e54ef16e7320,Elon Musk’s $1 million-a-day voter sweepstakes can proceed,Associated Press court reporting and public-event documentation,26,https://apnews.com/article/musk-million-sweepstakes-lottery-pennsylvania-krasner-4f683c48eb7dcc57f183e54ef16e7320,Elon Musk’s $1 million-a-day voter sweepstakes can proceed,,,34,0,15,75,72,Medium-High,1,1,Yes,Pass with single-source limitation,Credible-source contestation is recorded and reflected in verdict confidence.
PUBLIC-018,https://www.factcheck.org/2024/11/googles-where-to-vote-search-result-reflects-quirk-of-candidate-surname-not-bias/,"Google’s ‘Where to Vote’ Search Result Reflects Quirk of Candidate Surname, Not Bias",Established fact-checker linking original posts and Google’s technical explanation,24,https://www.factcheck.org/2024/11/googles-where-to-vote-search-result-reflects-quirk-of-candidate-surname-not-bias/,"Google’s ‘Where to Vote’ Search Result Reflects Quirk of Candidate Surname, Not Bias",,,31,0,12,67,59,Medium,1,1,Yes,Pass with single-source limitation,Credible-source contestation is recorded and reflected in verdict confidence.
PUBLIC-019,https://www.factcheck.org/2024/12/congress-not-proposing-to-give-themselves-40-raise/,Congress Not Proposing to Give Themselves 40% Raise,Established fact-checker using bill text and congressional compensation rules,24,https://www.factcheck.org/2024/12/congress-not-proposing-to-give-themselves-40-raise/,Congress Not Proposing to Give Themselves 40% Raise,,,31,0,15,70,67,Medium,1,1,Yes,Pass with single-source limitation,Credible-source contestation is recorded and reflected in verdict confidence.
PUBLIC-020,https://www.factcheck.org/2025/02/trump-musk-exaggerate-scale-of-improper-social-security-payments-to-the-dead/,"Trump, Musk Exaggerate Scale of Improper Social Security Payments to the Dead",Established fact-checker using Social Security Administration records and explanations,24,https://www.factcheck.org/2025/02/trump-musk-exaggerate-scale-of-improper-social-security-payments-to-the-dead/,"Trump, Musk Exaggerate Scale of Improper Social Security Payments to the Dead",,,31,0,15,70,70,Medium-High,1,1,No,Pass with single-source limitation,No structural source limitation identified by the automated audit.
PUBLIC-021,https://www.factcheck.org/2025/02/no-basis-for-corruption-accusations-about-usaid-administrator/,No Basis for Corruption Accusations About USAID Administrator,Established fact-checker using financial disclosures and public records,24,https://www.factcheck.org/2025/02/no-basis-for-corruption-accusations-about-usaid-administrator/,No Basis for Corruption Accusations About USAID Administrator,,,31,0,12,67,59,Medium,1,1,Yes,Pass with single-source limitation,Credible-source contestation is recorded and reflected in verdict confidence.
PUBLIC-022,https://www.reuters.com/business/us-defense-department-contract-inaccurately-represented-social-media-says-2025-02-13/,"US Defense Department contract inaccurately represented on social media, says Thomson Reuters",Reuters reporting with contract documentation and corporate separation details,26,https://www.reuters.com/business/us-defense-department-contract-inaccurately-represented-social-media-says-2025-02-13/,"US Defense Department contract inaccurately represented on social media, says Thomson Reuters",,,34,0,15,75,72,Medium-High,1,1,Yes,Pass with single-source limitation,Credible-source contestation is recorded and reflected in verdict confidence.
PUBLIC-023,https://www.factcheck.org/2025/02/online-posts-misconstrue-data-on-social-security-numbers/,Online Posts Misconstrue Data on Social Security Numbers,Established fact-checker using agency data and expert explanations,24,https://www.factcheck.org/2025/02/online-posts-misconstrue-data-on-social-security-numbers/,Online Posts Misconstrue Data on Social Security Numbers,,,31,0,12,67,59,Medium,1,1,Yes,Pass with single-source limitation,Credible-source contestation is recorded and reflected in verdict confidence.
PUBLIC-024,https://www.factcheck.org/2025/03/the-facts-behind-the-delayed-return-of-u-s-astronauts/,The Facts Behind the Delayed Return of U.S. Astronauts,"Established fact-checker using NASA records, astronaut statements, and mission timelines",24,https://www.factcheck.org/2025/03/the-facts-behind-the-delayed-return-of-u-s-astronauts/,The Facts Behind the Delayed Return of U.S. Astronauts,,,31,0,12,67,59,Medium,1,1,Yes,Pass with single-source limitation,Credible-source contestation is recorded and reflected in verdict confidence.
PUBLIC-025,https://www.reuters.com/world/south-africa-rejects-musk-claim-starlink-cant-operate-there-because-hes-not-2025-03-07/,South Africa rejects Musk claim Starlink can't operate there because he's not Black,Major wire reporting with government response and licensing rules,26,https://www.reuters.com/world/south-africa-rejects-musk-claim-starlink-cant-operate-there-because-hes-not-2025-03-07/,South Africa rejects Musk claim Starlink can't operate there because he's not Black,,,34,0,12,72,64,Medium,1,1,Yes,Pass with single-source limitation,Credible-source contestation is recorded and reflected in verdict confidence.
PUBLIC-026,https://www.factcheck.org/2025/04/musks-unsupported-claim-to-have-unveiled-massive-illegal-voting-by-noncitizens/,Musk's Unsupported Claim to Have Unveiled Massive Illegal Voting by Noncitizens,"Established fact-checker using election records, audits, prosecutions, and the original statement",24,https://www.factcheck.org/2025/04/musks-unsupported-claim-to-have-unveiled-massive-illegal-voting-by-noncitizens/,Musk's Unsupported Claim to Have Unveiled Massive Illegal Voting by Noncitizens,,,31,0,12,67,59,Medium,1,1,Yes,Pass with single-source limitation,Credible-source contestation is recorded and reflected in verdict confidence.
PUBLIC-027,https://apnews.com/article/fact-check-elon-musk-voter-id-laws-new-york-california-0d480c1759469b030d7fe3dcf41ff947,It is not illegal to show ID when voting in California or New York,Associated Press fact check using state election law and official guidance,30,https://apnews.com/article/fact-check-elon-musk-voter-id-laws-new-york-california-0d480c1759469b030d7fe3dcf41ff947,It is not illegal to show ID when voting in California or New York,,,34,0,15,79,76,Medium-High,1,1,Yes,Pass with single-source limitation,Credible-source contestation is recorded and reflected in verdict confidence.
PUBLIC-028,https://www.factcheck.org/2026/02/trump-and-musk-amplify-long-ago-debunked-mail-in-vote-fraud-claim/,Trump and Musk Amplify Long-Ago Debunked Mail-In Vote Fraud Claim,Established fact-checker using Pennsylvania election records and the original repost,24,https://www.factcheck.org/2026/02/trump-and-musk-amplify-long-ago-debunked-mail-in-vote-fraud-claim/,Trump and Musk Amplify Long-Ago Debunked Mail-In Vote Fraud Claim,,,31,0,15,70,67,Medium,1,1,Yes,Pass with single-source limitation,Credible-source contestation is recorded and reflected in verdict confidence.
PUBLIC-029,https://www.factcheck.org/2026/04/elon-musk-amplifies-baseless-claim-about-covid-19-vaccine/,Elon Musk Amplifies Baseless Claim About COVID-19 Vaccine,Established fact-checker using German safety monitoring and epidemiological evidence,24,https://www.factcheck.org/2026/04/elon-musk-amplifies-baseless-claim-about-covid-19-vaccine/,Elon Musk Amplifies Baseless Claim About COVID-19 Vaccine,,,31,0,15,70,67,Medium,1,1,Yes,Pass with single-source limitation,Credible-source contestation is recorded and reflected in verdict confidence.
ZIP2-001,https://www.washingtonpost.com/business/2024/10/27/elon-musk-immigration/,Elon Musk claims student visa permitted him to work in U.S.,Major national newspaper documenting Musk’s direct denial,26,https://www.washingtonpost.com/business/2024/10/26/elon-musk-immigration-status/,"Elon Musk, enemy of “open borders,” launched his career working illegally",https://apnews.com/article/biden-elon-musk-student-visa-work-fbd836b3de358148cda16c273ff904c4,Biden calls out Musk over report that he worked illegally in U.S.,34,15,15,90,87,High,3,2,Yes,Pass,Credible-source contestation is recorded and reflected in verdict confidence.
OPENAI-001,https://x.com/elonmusk/status/1639142924985278466,Elon Musk post claiming he donated the first $100 million to OpenAI,Primary social-media statement,30,https://openai.com/index/openai-elon-musk/,OpenAI and Elon Musk,https://apnews.com/article/musk-altman-openai-trial-chatgpt-a4a8930b17b534d49a13e53d581d9e4c,Elon Musk tells his side of OpenAI’s beginnings in trial pitting him against CEO Sam Altman,34,8,15,87,84,Medium-High,3,1,Yes,Pass,Credible-source contestation is recorded and reflected in verdict confidence.
OPENAI-002,https://apnews.com/article/microsoft-sam-altman-openai-chatgpt-425186c7640aa3d0956e99314a9240e2,"Elon Musk sues OpenAI and CEO Sam Altman, claiming betrayal of its goal to benefit humanity",Associated Press reporting on Musk’s filed complaint,26,https://openai.com/index/openai-elon-musk/,OpenAI and Elon Musk,https://apnews.com/article/openai-elon-musk-lawsuit-sam-altman-4a4c0a19316f849f65db9e6d2b0b7a6b,OpenAI says Musk agreed the ChatGPT maker should become a for-profit company,34,8,12,80,72,Medium-High,3,1,Yes,Pass,Credible-source contestation is recorded and reflected in verdict confidence.
OPENAI-003,https://apnews.com/article/microsoft-sam-altman-openai-chatgpt-425186c7640aa3d0956e99314a9240e2,"Elon Musk sues OpenAI and CEO Sam Altman, claiming betrayal of its goal to benefit humanity",Associated Press reporting on Musk’s filed complaint,26,https://openai.com/index/openai-lp/,OpenAI LP,https://apnews.com/article/microsoft-sam-altman-openai-chatgpt-425186c7640aa3d0956e99314a9240e2,"Elon Musk sues OpenAI and CEO Sam Altman, claiming betrayal of its goal to benefit humanity",34,8,12,80,72,Medium-High,2,1,Yes,Pass,Credible-source contestation is recorded and reflected in verdict confidence.
OPENAI-004,https://apnews.com/article/microsoft-sam-altman-openai-chatgpt-425186c7640aa3d0956e99314a9240e2,"Elon Musk sues OpenAI and CEO Sam Altman, claiming betrayal of its goal to benefit humanity",Associated Press reporting on Musk’s filed complaint,26,https://openai.com/index/elon-musk-wanted-an-openai-for-profit/,Elon Musk wanted an OpenAI for-profit,https://apnews.com/article/openai-elon-musk-lawsuit-sam-altman-4a4c0a19316f849f65db9e6d2b0b7a6b,OpenAI says Musk agreed the ChatGPT maker should become a for-profit company,34,8,12,80,72,Medium-High,3,1,Yes,Pass,Credible-source contestation is recorded and reflected in verdict confidence.
OPENAI-005,https://www.theverge.com/2018/2/21/17036214/elon-musk-openai-ai-safety-leaves-board,Elon Musk leaves board of AI safety group to avoid conflict of interest with Tesla,Contemporaneous technology reporting quoting OpenAI’s announcement,26,https://openai.com/index/elon-musk-wanted-an-openai-for-profit/,Elon Musk wanted an OpenAI for-profit,https://apnews.com/article/musk-altman-artificial-intelligence-trial-openai-eb854fa682675f70267abd8a7b9a6a43,Elon Musk and OpenAI CEO Sam Altman head to court in high-stakes showdown over AI,34,8,8,76,51,Medium-Low,3,2,Yes,Pass,Credible-source contestation is recorded and reflected in verdict confidence.
OPENAI-006,https://openai.com/index/elon-musk-wanted-an-openai-for-profit/,Elon Musk wanted an OpenAI for-profit,Primary email published by an adverse party,30,https://apnews.com/article/openai-trial-musk-altman-ipo-776743f032d8e5ac4faf85088db8bfc0,Could anything but profit steer AI? The OpenAI trial offered no easy answers,https://openai.com/index/our-structure/,Our structure,34,8,15,87,87,High,3,1,No,Pass,No structural source limitation identified by the automated audit.
OPENAI-007,https://apnews.com/article/microsoft-sam-altman-openai-chatgpt-425186c7640aa3d0956e99314a9240e2,"Elon Musk sues OpenAI and CEO Sam Altman, claiming betrayal of its goal to benefit humanity",Associated Press reporting on Musk’s filed complaint,26,https://openai.com/index/elon-musk-wanted-an-openai-for-profit/,Elon Musk wanted an OpenAI for-profit,https://apnews.com/article/openai-elon-musk-lawsuit-sam-altman-4a4c0a19316f849f65db9e6d2b0b7a6b,OpenAI says Musk agreed the ChatGPT maker should become a for-profit company,34,8,12,80,72,Medium-High,3,1,Yes,Pass,Credible-source contestation is recorded and reflected in verdict confidence.
PAYPAL-001,https://www.wired.com/story/whats-driving-elon-musk/,What's driving Elon Musk?,Established technology publication quoting a named former colleague,26,https://www.sec.gov/Archives/edgar/data/1065088/000089161802003554/f83130orsv4.htm,PayPal/eBay merger registration statement and historical financial disclosures,https://www.sec.gov/Archives/edgar/data/1103415/000091205702009834/a2073071z10-k405.htm,PayPal 2001 Form 10-K,40,8,12,86,78,Medium-High,3,2,Yes,Pass with same-domain corroboration limitation,Both outcome sources are from the same domain; corroboration receives partial rather than full credit. Credible-source contestation is recorded and reflected in verdict confidence.
PAYPAL-002,https://www.xprize.org/people/elon-musk,Elon Musk Profile Page,Organizational profile associated with Musk’s benefactor role,18,https://www.sec.gov/Archives/edgar/data/1103415/000091205702009834/a2073071z10-k405.htm,PayPal 2001 Form 10-K,https://www.sec.gov/Archives/edgar/data/1065088/000089161802003554/f83130orsv4.htm,PayPal/eBay merger registration statement and historical financial disclosures,40,8,12,78,73,Medium-High,3,2,No,Pass with same-domain corroboration limitation,Both outcome sources are from the same domain; corroboration receives partial rather than full credit.
PAYPAL-003,https://www.xprize.org/people/elon-musk,Elon Musk Profile Page,Organizational profile associated with Musk’s benefactor role,18,https://www.sec.gov/Archives/edgar/data/1103415/000091205702009834/a2073071z10-k405.htm,PayPal 2001 Form 10-K,,,40,0,15,73,73,Medium-High,2,2,No,Pass,No structural source limitation identified by the automated audit.
X-012,https://www.theguardian.com/technology/2022/nov/21/elon-musk-rules-out-conspiracy-theorist-alex-jones-return-to-twitter,Elon Musk rules out conspiracy theorist Alex Jones’s return to Twitter,Tier 1 independent quoting Musk,26,https://www.reuters.com/technology/musk-poll-shows-x-users-want-us-conspiracy-theorist-jones-account-back-2023-12-10/,Conspiracy theorist Alex Jones reinstated on X after Musk poll,https://apnews.com/article/alex-jones-x-account-elon-musk-90cfc990631dec5e8f337167fbe16372,Elon Musk restores X account of conspiracy theorist Alex Jones,34,15,15,90,87,High,3,3,Yes,Pass,Credible-source contestation is recorded and reflected in verdict confidence.
X-013,https://x.com/elonmusk/status/1595671290421170179,Elon Musk post: removing child exploitation is priority number one,Primary social-media statement,30,https://www.reuters.com/technology/australian-court-upholds-order-musks-x-pay-418000-fine-over-anti-child-abuse-2024-10-04/,Australian court upholds order for Musk’s X to pay fine over anti-child-abuse probe,https://www.reuters.com/legal/litigation/elon-musks-x-admits-noncompliance-with-australia-child-protection-request-2026-05-20/,Elon Musk’s X admits noncompliance with Australia child-protection request,34,8,12,84,76,Medium-High,3,1,Yes,Pass with same-domain corroboration limitation,Both outcome sources are from the same domain; corroboration receives partial rather than full credit. Credible-source contestation is recorded and reflected in verdict confidence.
X-014,https://x.com/elonmusk/status/1692558414105186796,Elon Musk post saying the block feature would be deleted except for DMs,Primary social-media statement,30,https://www.reuters.com/technology/elon-musk-says-x-will-strip-ability-block-accounts-2023-08-19/,Elon Musk says X will strip ability to block accounts,https://help.x.com/en/using-x/blocking-and-unblocking-accounts,X Help: Blocking on X,34,8,15,87,84,Medium-High,3,1,Yes,Pass,Credible-source contestation is recorded and reflected in verdict confidence.
PUBLIC-030,https://x.com/elonmusk/status/1594552252865384450,Elon Musk post about the death of his firstborn child,Primary social-media statement,30,https://x.com/justinemusk/status/1595506087570333696,Justine Musk post disputing Elon Musk’s account,https://www.independent.co.uk/news/world/americas/justine-musk-elon-musk-dying-son-b2234938.html,Elon Musk’s ex-wife disputes his claim he held dying son in his arms,34,8,8,80,55,Medium,3,1,Yes,Pass,Credible-source contestation is recorded and reflected in verdict confidence.
PUBLIC-031,https://apnews.com/article/elon-musk-x-antisemitism-twitter-ads-83e68f03e9bf1d261c1a8c55066c4e59,Elon Musk endorses antisemitic conspiracy theory on X,Associated Press reporting reproducing Musk’s post,26,https://apnews.com/article/elon-musk-x-antisemitism-twitter-ads-83e68f03e9bf1d261c1a8c55066c4e59,Elon Musk endorses antisemitic conspiracy theory on X,https://www.reuters.com/technology/elon-musk-curses-out-advertisers-who-left-x-over-antisemitic-content-2023-11-29/,Elon Musk apologizes for antisemitic post while attacking departing advertisers,34,15,12,87,79,Medium-High,2,2,Yes,Pass,Credible-source contestation is recorded and reflected in verdict confidence.
PUBLIC-032,https://x.com/elonmusk/status/1904065163407368212,Elon Musk post asserting white genocide in South Africa,Primary social-media statement,30,https://www.reuters.com/world/us/trump-makes-false-claims-white-genocide-south-africa-during-ramaphosa-meeting-2025-05-21/,A check of false claims about white genocide in South Africa,https://apnews.com/article/south-africa-farm-killings-musk-trump-misinformation-d60c4417f6613afb8de7460433819bfa,A memorial to South Africa’s farm killings tells only part of the story,34,15,15,94,91,High,3,2,Yes,Pass,Credible-source contestation is recorded and reflected in verdict confidence.
PUBLIC-033,https://x.com/elonmusk/status/1903556327290626165,Elon Musk post accusing the EFF of actively promoting white genocide,Primary social-media statement,30,https://apnews.com/article/south-africa-elon-musk-song-whites-feeed9e3f5dd43e1b612f750b4405f32,An apartheid-era song Elon Musk decried as anti-white is again at center of dispute,https://www.reuters.com/world/us/trump-makes-false-claims-white-genocide-south-africa-during-ramaphosa-meeting-2025-05-21/,A check of false claims about white genocide in South Africa,34,15,12,91,83,Medium-High,3,2,Yes,Pass,Credible-source contestation is recorded and reflected in verdict confidence.
PUBLIC-034,https://www.reuters.com/world/uk/child-rape-scandal-dominating-uk-politics-after-musk-criticism-2025-01-06/,The child rape scandal dominating UK politics after Musk criticism,Tier 1 independent quoting Musk,26,https://www.reuters.com/world/uk/child-rape-scandal-dominating-uk-politics-after-musk-criticism-2025-01-06/,The child rape scandal dominating UK politics after Musk criticism,https://www.reuters.com/world/uk/uks-starmer-criticises-those-spreading-lies-misinformation-online-2025-01-06/,UK’s Starmer criticises those spreading lies and misinformation online,34,8,12,80,72,Medium-High,2,1,Yes,Pass with same-domain corroboration limitation,Both outcome sources are from the same domain; corroboration receives partial rather than full credit. Credible-source contestation is recorded and reflected in verdict confidence.
PUBLIC-035,https://www.reuters.com/fact-check/tommy-robinson-jailed-contempt-court-not-telling-truth-2024-10-30/,"Tommy Robinson jailed for contempt of court, not for telling truth",Reuters fact check reproducing the claim,26,https://www.reuters.com/fact-check/tommy-robinson-jailed-contempt-court-not-telling-truth-2024-10-30/,"Tommy Robinson jailed for contempt of court, not for telling truth",https://www.reuters.com/world/uk/uk-anti-muslim-activist-tommy-robinson-loses-challenge-segregation-jail-2025-03-21/,UK anti-Muslim activist Tommy Robinson loses challenge to segregation in jail,34,8,15,83,80,Medium-High,2,1,Yes,Pass with same-domain corroboration limitation,Both outcome sources are from the same domain; corroboration receives partial rather than full credit. Credible-source contestation is recorded and reflected in verdict confidence.
PUBLIC-036,https://www.reuters.com/fact-check/no-evidence-us-spent-50-million-condoms-gaza-2025-01-30/,No evidence US spent $50 million on condoms for Gaza,Reuters fact check reproducing and tracing the claim,26,https://www.reuters.com/fact-check/no-evidence-us-spent-50-million-condoms-gaza-2025-01-30/,No evidence US spent $50 million on condoms for Gaza,https://apnews.com/article/trump-downsizing-federal-workers-doge-00683abc4de44a151f26aaa6cb0d0f30,Trump and Musk make disputed spending claims while downsizing government,34,15,15,90,87,High,2,2,Yes,Pass,Credible-source contestation is recorded and reflected in verdict confidence.
PUBLIC-037,https://www.reuters.com/world/us/news-outlets-reject-trump-accusations-usaid-media-payoff-2025-02-07/,News outlets reject accusations of USAID media payoff,Tier 1 independent documenting the amplified claim,26,https://www.reuters.com/world/us/news-outlets-reject-trump-accusations-usaid-media-payoff-2025-02-07/,News outlets reject accusations of USAID media payoff,https://www.factcheck.org/2025/02/trump-online-posts-misrepresent-government-subscriptions-to-news-services/,"Trump, Online Posts Misrepresent Government Subscriptions to News Services",34,15,15,90,87,High,2,2,Yes,Pass,Credible-source contestation is recorded and reflected in verdict confidence.
PUBLIC-038,https://www.sec.gov/Archives/edgar/data/1103415/000091205702023923/a2082068zs-1.htm,"PayPal, Inc. Form S-1 filed June 12, 2002",Primary SEC filing signed by Musk as a director,30,https://magazine.wharton.upenn.edu/issues/fall-2010/he-wont-back-down/,"He Won’t Back Down: Elon Musk, W’97, C’97",https://knowledge.wharton.upenn.edu/article/harnessing-the-sun-and-outer-space-elon-musks-sky-high-vision/,Harnessing the Sun and Outer Space: Elon Musk’s Sky-high Vision,38,15,12,95,87,High,3,3,Yes,Pass,Credible-source contestation is recorded and reflected in verdict confidence.
TESLA-051,https://www.tesla.com/elon-musk,Tesla biography: Elon Musk,Primary company biography,30,https://ir.tesla.com/press-release/judge-strikes-claim-who-can-be-declared-founder-tesla-motors,Judge strikes claim on who can be declared a founder of Tesla Motors,https://www.investopedia.com/articles/personal-finance/061915/story-behind-teslas-success.asp,Tesla: The True Untold Story,26,8,12,76,68,Medium,3,1,Yes,Pass,Credible-source contestation is recorded and reflected in verdict confidence.
